Workbook

Sheet 首页
A1: 考研真题多刷记录表
A3: 本表包含四个科目，请切换到对应工作表填写：
A5: 【英语一】满分100 · 2005-2026 ｜ 填写：英语记录 · 曲线：英语曲线
A6: 【数学一】满分150 · 2005-2026 ｜ 填写：数学记录 · 曲线：数学曲线
A7: 【408】满分150 · 2009-2026 ｜ 填写：408记录 · 曲线：408曲线
A8: 【政治】满分100 · 2005-2026 ｜ 填写：政治记录 · 曲线：政治曲线
A10: 每个「记录」表支持 一刷/二刷/三刷，总分自动计算并变色：≥80%绿、60-79%黄、<60%红。
A11: 第一列「试卷」可填任意名称；每个题型后跟「用时」列记录分钟数，「总用时」自动合计。
A13: 数学/408 同时记录「科目」和「题型」两个维度，总分＝题型合计；「科目合计」用于校验。
A15: 说明：数学一 高数/线代/概率 按 82/34/34 估算；408 自2009年统考；
A16: 政治 单选16＋多选34＋大题50，客观题＝单选＋多选。
A18: 添加/删除/排序试卷：在「记录」表插入或删除行即可；试卷间以粗分隔线区分。

Sheet 英语记录
A1: 试卷 | B1: 刷次 | C1: 完形填空 (10分) | D1: 阅读1 (10分) | E1: 阅读2 (10分) | F1: 阅读3 (10分) | G1: 阅读4 (10分) | H1: 新题型 (10分) | I1: 翻译 (10分) | J1: 小作文 (10分) | K1: 大作文 (20分) | L1: 阅读总分 (40分) | M1: 客观题总分 (60分) | N1: 总分 (100分) | O1: 完形填空 用时 | P1: 阅读1 用时 | Q1: 阅读2 用时 | R1: 阅读3 用时 | S1: 阅读4 用时 | T1: 新题型 用时 | U1: 翻译 用时 | V1: 小作文 用时 | W1: 大作文 用时 | X1: 总用时 (分) | Y1: 日期 | Z1: 备注
A2: 2005 | B2: 一刷 | L2: =IF(COUNT(D2:G2)=0,"",SUM(D2:G2)) | M2: =IF(COUNT(C2:H2)=0,"",SUM(C2:H2)) | N2: =IF(COUNT(C2:K2)=0,"",SUM(C2:K2)) | X2: =IF(COUNT(O2:W2)=0,"",SUM(O2:W2))
A3: 2005 | B3: 二刷 | L3: =IF(COUNT(D3:G3)=0,"",SUM(D3:G3)) | M3: =IF(COUNT(C3:H3)=0,"",SUM(C3:H3)) | N3: =IF(COUNT(C3:K3)=0,"",SUM(C3:K3)) | X3: =IF(COUNT(O3:W3)=0,"",SUM(O3:W3))
A4: 2005 | B4: 三刷 | L4: =IF(COUNT(D4:G4)=0,"",SUM(D4:G4)) | M4: =IF(COUNT(C4:H4)=0,"",SUM(C4:H4)) | N4: =IF(COUNT(C4:K4)=0,"",SUM(C4:K4)) | X4: =IF(COUNT(O4:W4)=0,"",SUM(O4:W4))
A5: 2006 | B5: 一刷 | L5: =IF(COUNT(D5:G5)=0,"",SUM(D5:G5)) | M5: =IF(COUNT(C5:H5)=0,"",SUM(C5:H5)) | N5: =IF(COUNT(C5:K5)=0,"",SUM(C5:K5)) | X5: =IF(COUNT(O5:W5)=0,"",SUM(O5:W5))
A6: 2006 | B6: 二刷 | L6: =IF(COUNT(D6:G6)=0,"",SUM(D6:G6)) | M6: =IF(COUNT(C6:H6)=0,"",SUM(C6:H6)) | N6: =IF(COUNT(C6:K6)=0,"",SUM(C6:K6)) | X6: =IF(COUNT(O6:W6)=0,"",SUM(O6:W6))
A7: 2006 | B7: 三刷 | L7: =IF(COUNT(D7:G7)=0,"",SUM(D7:G7)) | M7: =IF(COUNT(C7:H7)=0,"",SUM(C7:H7)) | N7: =IF(COUNT(C7:K7)=0,"",SUM(C7:K7)) | X7: =IF(COUNT(O7:W7)=0,"",SUM(O7:W7))
A8: 2007 | B8: 一刷 | L8: =IF(COUNT(D8:G8)=0,"",SUM(D8:G8)) | M8: =IF(COUNT(C8:H8)=0,"",SUM(C8:H8)) | N8: =IF(COUNT(C8:K8)=0,"",SUM(C8:K8)) | X8: =IF(COUNT(O8:W8)=0,"",SUM(O8:W8))
A9: 2007 | B9: 二刷 | L9: =IF(COUNT(D9:G9)=0,"",SUM(D9:G9)) | M9: =IF(COUNT(C9:H9)=0,"",SUM(C9:H9)) | N9: =IF(COUNT(C9:K9)=0,"",SUM(C9:K9)) | X9: =IF(COUNT(O9:W9)=0,"",SUM(O9:W9))
A10: 2007 | B10: 三刷 | L10: =IF(COUNT(D10:G10)=0,"",SUM(D10:G10)) | M10: =IF(COUNT(C10:H10)=0,"",SUM(C10:H10)) | N10: =IF(COUNT(C10:K10)=0,"",SUM(C10:K10)) | X10: =IF(COUNT(O10:W10)=0,"",SUM(O10:W10))
A11: 2008 | B11: 一刷 | L11: =IF(COUNT(D11:G11)=0,"",SUM(D11:G11)) | M11: =IF(COUNT(C11:H11)=0,"",SUM(C11:H11)) | N11: =IF(COUNT(C11:K11)=0,"",SUM(C11:K11)) | X11: =IF(COUNT(O11:W11)=0,"",SUM(O11:W11))
A12: 2008 | B12: 二刷 | L12: =IF(COUNT(D12:G12)=0,"",SUM(D12:G12)) | M12: =IF(COUNT(C12:H12)=0,"",SUM(C12:H12)) | N12: =IF(COUNT(C12:K12)=0,"",SUM(C12:K12)) | X12: =IF(COUNT(O12:W12)=0,"",SUM(O12:W12))
A13: 2008 | B13: 三刷 | L13: =IF(COUNT(D13:G13)=0,"",SUM(D13:G13)) | M13: =IF(COUNT(C13:H13)=0,"",SUM(C13:H13)) | N13: =IF(COUNT(C13:K13)=0,"",SUM(C13:K13)) | X13: =IF(COUNT(O13:W13)=0,"",SUM(O13:W13))
... A67: 2026 | B67: 三刷 | L67: =IF(COUNT(D67:G67)=0,"",SUM(D67:G67)) | M67: =IF(COUNT(C67:H67)=0,"",SUM(C67:H67)) | N67: =IF(COUNT(C67:K67)=0,"",SUM(C67:K67)) | X67: =IF(COUNT(O67:W67)=0,"",SUM(O67:W67))

Sheet 英语数据
A1: 试卷 | B1: 一刷 | C1: 二刷 | D1: 三刷
A2: 2005 | B2: =IF(SUMIFS('英语记录'!$N$2:$N$67,'英语记录'!$A$2:$A$67,$A2,'英语记录'!$B$2:$B$67,B$1)=0,NA(),SUMIFS('英语记录'!$N$2:$N$67,'英语记录'!$A$2:$A$67,$A2,'英语记录'!$B$2:$B$67,B$1)) | C2: =IF(SUMIFS('英语记录'!$N$2:$N$67,'英语记录'!$A$2:$A$67,$A2,'英语记录'!$B$2:$B$67,C$1)=0,NA(),SUMIFS('英语记录'!$N$2:$N$67,'英语记录'!$A$2:$A$67,$A2,'英语记录'!$B$2:$B$67,C$1)) | D2: =IF(SUMIFS('英语记录'!$N$2:$N$67,'英语记录'!$A$2:$A$67,$A2,'英语记录'!$B$2:$B$67,D$1)=0,NA(),SUMIFS('英语记录'!$N$2:$N$67,'英语记录'!$A$2:$A$67,$A2,'英语记录'!$B$2:$B$67,D$1))
A3: 2006 | B3: =IF(SUMIFS('英语记录'!$N$2:$N$67,'英语记录'!$A$2:$A$67,$A3,'英语记录'!$B$2:$B$67,B$1)=0,NA(),SUMIFS('英语记录'!$N$2:$N$67,'英语记录'!$A$2:$A$67,$A3,'英语记录'!$B$2:$B$67,B$1)) | C3: =IF(SUMIFS('英语记录'!$N$2:$N$67,'英语记录'!$A$2:$A$67,$A3,'英语记录'!$B$2:$B$67,C$1)=0,NA(),SUMIFS('英语记录'!$N$2:$N$67,'英语记录'!$A$2:$A$67,$A3,'英语记录'!$B$2:$B$67,C$1)) | D3: =IF(SUMIFS('英语记录'!$N$2:$N$67,'英语记录'!$A$2:$A$67,$A3,'英语记录'!$B$2:$B$67,D$1)=0,NA(),SUMIFS('英语记录'!$N$2:$N$67,'英语记录'!$A$2:$A$67,$A3,'英语记录'!$B$2:$B$67,D$1))
A4: 2007 | B4: =IF(SUMIFS('英语记录'!$N$2:$N$67,'英语记录'!$A$2:$A$67,$A4,'英语记录'!$B$2:$B$67,B$1)=0,NA(),SUMIFS('英语记录'!$N$2:$N$67,'英语记录'!$A$2:$A$67,$A4,'英语记录'!$B$2:$B$67,B$1)) | C4: =IF(SUMIFS('英语记录'!$N$2:$N$67,'英语记录'!$A$2:$A$67,$A4,'英语记录'!$B$2:$B$67,C$1)=0,NA(),SUMIFS('英语记录'!$N$2:$N$67,'英语记录'!$A$2:$A$67,$A4,'英语记录'!$B$2:$B$67,C$1)) | D4: =IF(SUMIFS('英语记录'!$N$2:$N$67,'英语记录'!$A$2:$A$67,$A4,'英语记录'!$B$2:$B$67,D$1)=0,NA(),SUMIFS('英语记录'!$N$2:$N$67,'英语记录'!$A$2:$A$67,$A4,'英语记录'!$B$2:$B$67,D$1))
A5: 2008 | B5: =IF(SUMIFS('英语记录'!$N$2:$N$67,'英语记录'!$A$2:$A$67,$A5,'英语记录'!$B$2:$B$67,B$1)=0,NA(),SUMIFS('英语记录'!$N$2:$N$67,'英语记录'!$A$2:$A$67,$A5,'英语记录'!$B$2:$B$67,B$1)) | C5: =IF(SUMIFS('英语记录'!$N$2:$N$67,'英语记录'!$A$2:$A$67,$A5,'英语记录'!$B$2:$B$67,C$1)=0,NA(),SUMIFS('英语记录'!$N$2:$N$67,'英语记录'!$A$2:$A$67,$A5,'英语记录'!$B$2:$B$67,C$1)) | D5: =IF(SUMIFS('英语记录'!$N$2:$N$67,'英语记录'!$A$2:$A$67,$A5,'英语记录'!$B$2:$B$67,D$1)=0,NA(),SUMIFS('英语记录'!$N$2:$N$67,'英语记录'!$A$2:$A$67,$A5,'英语记录'!$B$2:$B$67,D$1))
A6: 2009 | B6: =IF(SUMIFS('英语记录'!$N$2:$N$67,'英语记录'!$A$2:$A$67,$A6,'英语记录'!$B$2:$B$67,B$1)=0,NA(),SUMIFS('英语记录'!$N$2:$N$67,'英语记录'!$A$2:$A$67,$A6,'英语记录'!$B$2:$B$67,B$1)) | C6: =IF(SUMIFS('英语记录'!$N$2:$N$67,'英语记录'!$A$2:$A$67,$A6,'英语记录'!$B$2:$B$67,C$1)=0,NA(),SUMIFS('英语记录'!$N$2:$N$67,'英语记录'!$A$2:$A$67,$A6,'英语记录'!$B$2:$B$67,C$1)) | D6: =IF(SUMIFS('英语记录'!$N$2:$N$67,'英语记录'!$A$2:$A$67,$A6,'英语记录'!$B$2:$B$67,D$1)=0,NA(),SUMIFS('英语记录'!$N$2:$N$67,'英语记录'!$A$2:$A$67,$A6,'英语记录'!$B$2:$B$67,D$1))
A7: 2010 | B7: =IF(SUMIFS('英语记录'!$N$2:$N$67,'英语记录'!$A$2:$A$67,$A7,'英语记录'!$B$2:$B$67,B$1)=0,NA(),SUMIFS('英语记录'!$N$2:$N$67,'英语记录'!$A$2:$A$67,$A7,'英语记录'!$B$2:$B$67,B$1)) | C7: =IF(SUMIFS('英语记录'!$N$2:$N$67,'英语记录'!$A$2:$A$67,$A7,'英语记录'!$B$2:$B$67,C$1)=0,NA(),SUMIFS('英语记录'!$N$2:$N$67,'英语记录'!$A$2:$A$67,$A7,'英语记录'!$B$2:$B$67,C$1)) | D7: =IF(SUMIFS('英语记录'!$N$2:$N$67,'英语记录'!$A$2:$A$67,$A7,'英语记录'!$B$2:$B$67,D$1)=0,NA(),SUMIFS('英语记录'!$N$2:$N$67,'英语记录'!$A$2:$A$67,$A7,'英语记录'!$B$2:$B$67,D$1))
A8: 2011 | B8: =IF(SUMIFS('英语记录'!$N$2:$N$67,'英语记录'!$A$2:$A$67,$A8,'英语记录'!$B$2:$B$67,B$1)=0,NA(),SUMIFS('英语记录'!$N$2:$N$67,'英语记录'!$A$2:$A$67,$A8,'英语记录'!$B$2:$B$67,B$1)) | C8: =IF(SUMIFS('英语记录'!$N$2:$N$67,'英语记录'!$A$2:$A$67,$A8,'英语记录'!$B$2:$B$67,C$1)=0,NA(),SUMIFS('英语记录'!$N$2:$N$67,'英语记录'!$A$2:$A$67,$A8,'英语记录'!$B$2:$B$67,C$1)) | D8: =IF(SUMIFS('英语记录'!$N$2:$N$67,'英语记录'!$A$2:$A$67,$A8,'英语记录'!$B$2:$B$67,D$1)=0,NA(),SUMIFS('英语记录'!$N$2:$N$67,'英语记录'!$A$2:$A$67,$A8,'英语记录'!$B$2:$B$67,D$1))
A9: 2012 | B9: =IF(SUMIFS('英语记录'!$N$2:$N$67,'英语记录'!$A$2:$A$67,$A9,'英语记录'!$B$2:$B$67,B$1)=0,NA(),SUMIFS('英语记录'!$N$2:$N$67,'英语记录'!$A$2:$A$67,$A9,'英语记录'!$B$2:$B$67,B$1)) | C9: =IF(SUMIFS('英语记录'!$N$2:$N$67,'英语记录'!$A$2:$A$67,$A9,'英语记录'!$B$2:$B$67,C$1)=0,NA(),SUMIFS('英语记录'!$N$2:$N$67,'英语记录'!$A$2:$A$67,$A9,'英语记录'!$B$2:$B$67,C$1)) | D9: =IF(SUMIFS('英语记录'!$N$2:$N$67,'英语记录'!$A$2:$A$67,$A9,'英语记录'!$B$2:$B$67,D$1)=0,NA(),SUMIFS('英语记录'!$N$2:$N$67,'英语记录'!$A$2:$A$67,$A9,'英语记录'!$B$2:$B$67,D$1))
A10: 2013 | B10: =IF(SUMIFS('英语记录'!$N$2:$N$67,'英语记录'!$A$2:$A$67,$A10,'英语记录'!$B$2:$B$67,B$1)=0,NA(),SUMIFS('英语记录'!$N$2:$N$67,'英语记录'!$A$2:$A$67,$A10,'英语记录'!$B$2:$B$67,B$1)) | C10: =IF(SUMIFS('英语记录'!$N$2:$N$67,'英语记录'!$A$2:$A$67,$A10,'英语记录'!$B$2:$B$67,C$1)=0,NA(),SUMIFS('英语记录'!$N$2:$N$67,'英语记录'!$A$2:$A$67,$A10,'英语记录'!$B$2:$B$67,C$1)) | D10: =IF(SUMIFS('英语记录'!$N$2:$N$67,'英语记录'!$A$2:$A$67,$A10,'英语记录'!$B$2:$B$67,D$1)=0,NA(),SUMIFS('英语记录'!$N$2:$N$67,'英语记录'!$A$2:$A$67,$A10,'英语记录'!$B$2:$B$67,D$1))
A11: 2014 | B11: =IF(SUMIFS('英语记录'!$N$2:$N$67,'英语记录'!$A$2:$A$67,$A11,'英语记录'!$B$2:$B$67,B$1)=0,NA(),SUMIFS('英语记录'!$N$2:$N$67,'英语记录'!$A$2:$A$67,$A11,'英语记录'!$B$2:$B$67,B$1)) | C11: =IF(SUMIFS('英语记录'!$N$2:$N$67,'英语记录'!$A$2:$A$67,$A11,'英语记录'!$B$2:$B$67,C$1)=0,NA(),SUMIFS('英语记录'!$N$2:$N$67,'英语记录'!$A$2:$A$67,$A11,'英语记录'!$B$2:$B$67,C$1)) | D11: =IF(SUMIFS('英语记录'!$N$2:$N$67,'英语记录'!$A$2:$A$67,$A11,'英语记录'!$B$2:$B$67,D$1)=0,NA(),SUMIFS('英语记录'!$N$2:$N$67,'英语记录'!$A$2:$A$67,$A11,'英语记录'!$B$2:$B$67,D$1))
A12: 2015 | B12: =IF(SUMIFS('英语记录'!$N$2:$N$67,'英语记录'!$A$2:$A$67,$A12,'英语记录'!$B$2:$B$67,B$1)=0,NA(),SUMIFS('英语记录'!$N$2:$N$67,'英语记录'!$A$2:$A$67,$A12,'英语记录'!$B$2:$B$67,B$1)) | C12: =IF(SUMIFS('英语记录'!$N$2:$N$67,'英语记录'!$A$2:$A$67,$A12,'英语记录'!$B$2:$B$67,C$1)=0,NA(),SUMIFS('英语记录'!$N$2:$N$67,'英语记录'!$A$2:$A$67,$A12,'英语记录'!$B$2:$B$67,C$1)) | D12: =IF(SUMIFS('英语记录'!$N$2:$N$67,'英语记录'!$A$2:$A$67,$A12,'英语记录'!$B$2:$B$67,D$1)=0,NA(),SUMIFS('英语记录'!$N$2:$N$67,'英语记录'!$A$2:$A$67,$A12,'英语记录'!$B$2:$B$67,D$1))
A13: 2016 | B13: =IF(SUMIFS('英语记录'!$N$2:$N$67,'英语记录'!$A$2:$A$67,$A13,'英语记录'!$B$2:$B$67,B$1)=0,NA(),SUMIFS('英语记录'!$N$2:$N$67,'英语记录'!$A$2:$A$67,$A13,'英语记录'!$B$2:$B$67,B$1)) | C13: =IF(SUMIFS('英语记录'!$N$2:$N$67,'英语记录'!$A$2:$A$67,$A13,'英语记录'!$B$2:$B$67,C$1)=0,NA(),SUMIFS('英语记录'!$N$2:$N$67,'英语记录'!$A$2:$A$67,$A13,'英语记录'!$B$2:$B$67,C$1)) | D13: =IF(SUMIFS('英语记录'!$N$2:$N$67,'英语记录'!$A$2:$A$67,$A13,'英语记录'!$B$2:$B$67,D$1)=0,NA(),SUMIFS('英语记录'!$N$2:$N$67,'英语记录'!$A$2:$A$67,$A13,'英语记录'!$B$2:$B$67,D$1))
... A23: 2026 | B23: =IF(SUMIFS('英语记录'!$N$2:$N$67,'英语记录'!$A$2:$A$67,$A23,'英语记录'!$B$2:$B$67,B$1)=0,NA(),SUMIFS('英语记录'!$N$2:$N$67,'英语记录'!$A$2:$A$67,$A23,'英语记录'!$B$2:$B$67,B$1)) | C23: =IF(SUMIFS('英语记录'!$N$2:$N$67,'英语记录'!$A$2:$A$67,$A23,'英语记录'!$B$2:$B$67,C$1)=0,NA(),SUMIFS('英语记录'!$N$2:$N$67,'英语记录'!$A$2:$A$67,$A23,'英语记录'!$B$2:$B$67,C$1)) | D23: =IF(SUMIFS('英语记录'!$N$2:$N$67,'英语记录'!$A$2:$A$67,$A23,'英语记录'!$B$2:$B$67,D$1)=0,NA(),SUMIFS('英语记录'!$N$2:$N$67,'英语记录'!$A$2:$A$67,$A23,'英语记录'!$B$2:$B$67,D$1))

Sheet 英语曲线

Sheet 数学记录
A1: 试卷 | B1: 刷次 | C1: 高等数学 (82分) | D1: 线性代数 (34分) | E1: 概率论 (34分) | F1: 选择题 (50分) | G1: 填空题 (30分) | H1: 解答题 (70分) | I1: 科目合计 (150分) | J1: 总分 (150分) | K1: 高等数学 用时 | L1: 线性代数 用时 | M1: 概率论 用时 | N1: 选择题 用时 | O1: 填空题 用时 | P1: 解答题 用时 | Q1: 总用时 (分) | R1: 日期 | S1: 备注
A2: 2005 | B2: 一刷 | I2: =IF(COUNT(C2:E2)=0,"",SUM(C2:E2)) | J2: =IF(COUNT(F2:H2)=0,"",SUM(F2:H2)) | Q2: =IF(COUNT(K2:P2)=0,"",SUM(K2:P2))
A3: 2005 | B3: 二刷 | I3: =IF(COUNT(C3:E3)=0,"",SUM(C3:E3)) | J3: =IF(COUNT(F3:H3)=0,"",SUM(F3:H3)) | Q3: =IF(COUNT(K3:P3)=0,"",SUM(K3:P3))
A4: 2005 | B4: 三刷 | I4: =IF(COUNT(C4:E4)=0,"",SUM(C4:E4)) | J4: =IF(COUNT(F4:H4)=0,"",SUM(F4:H4)) | Q4: =IF(COUNT(K4:P4)=0,"",SUM(K4:P4))
A5: 2006 | B5: 一刷 | I5: =IF(COUNT(C5:E5)=0,"",SUM(C5:E5)) | J5: =IF(COUNT(F5:H5)=0,"",SUM(F5:H5)) | Q5: =IF(COUNT(K5:P5)=0,"",SUM(K5:P5))
A6: 2006 | B6: 二刷 | I6: =IF(COUNT(C6:E6)=0,"",SUM(C6:E6)) | J6: =IF(COUNT(F6:H6)=0,"",SUM(F6:H6)) | Q6: =IF(COUNT(K6:P6)=0,"",SUM(K6:P6))
A7: 2006 | B7: 三刷 | I7: =IF(COUNT(C7:E7)=0,"",SUM(C7:E7)) | J7: =IF(COUNT(F7:H7)=0,"",SUM(F7:H7)) | Q7: =IF(COUNT(K7:P7)=0,"",SUM(K7:P7))
A8: 2007 | B8: 一刷 | I8: =IF(COUNT(C8:E8)=0,"",SUM(C8:E8)) | J8: =IF(COUNT(F8:H8)=0,"",SUM(F8:H8)) | Q8: =IF(COUNT(K8:P8)=0,"",SUM(K8:P8))
A9: 2007 | B9: 二刷 | I9: =IF(COUNT(C9:E9)=0,"",SUM(C9:E9)) | J9: =IF(COUNT(F9:H9)=0,"",SUM(F9:H9)) | Q9: =IF(COUNT(K9:P9)=0,"",SUM(K9:P9))
A10: 2007 | B10: 三刷 | I10: =IF(COUNT(C10:E10)=0,"",SUM(C10:E10)) | J10: =IF(COUNT(F10:H10)=0,"",SUM(F10:H10)) | Q10: =IF(COUNT(K10:P10)=0,"",SUM(K10:P10))
A11: 2008 | B11: 一刷 | I11: =IF(COUNT(C11:E11)=0,"",SUM(C11:E11)) | J11: =IF(COUNT(F11:H11)=0,"",SUM(F11:H11)) | Q11: =IF(COUNT(K11:P11)=0,"",SUM(K11:P11))
A12: 2008 | B12: 二刷 | I12: =IF(COUNT(C12:E12)=0,"",SUM(C12:E12)) | J12: =IF(COUNT(F12:H12)=0,"",SUM(F12:H12)) | Q12: =IF(COUNT(K12:P12)=0,"",SUM(K12:P12))
A13: 2008 | B13: 三刷 | I13: =IF(COUNT(C13:E13)=0,"",SUM(C13:E13)) | J13: =IF(COUNT(F13:H13)=0,"",SUM(F13:H13)) | Q13: =IF(COUNT(K13:P13)=0,"",SUM(K13:P13))
... A67: 2026 | B67: 三刷 | I67: =IF(COUNT(C67:E67)=0,"",SUM(C67:E67)) | J67: =IF(COUNT(F67:H67)=0,"",SUM(F67:H67)) | Q67: =IF(COUNT(K67:P67)=0,"",SUM(K67:P67))

Sheet 数学数据
A1: 试卷 | B1: 一刷 | C1: 二刷 | D1: 三刷
A2: 2005 | B2: =IF(SUMIFS('数学记录'!$J$2:$J$67,'数学记录'!$A$2:$A$67,$A2,'数学记录'!$B$2:$B$67,B$1)=0,NA(),SUMIFS('数学记录'!$J$2:$J$67,'数学记录'!$A$2:$A$67,$A2,'数学记录'!$B$2:$B$67,B$1)) | C2: =IF(SUMIFS('数学记录'!$J$2:$J$67,'数学记录'!$A$2:$A$67,$A2,'数学记录'!$B$2:$B$67,C$1)=0,NA(),SUMIFS('数学记录'!$J$2:$J$67,'数学记录'!$A$2:$A$67,$A2,'数学记录'!$B$2:$B$67,C$1)) | D2: =IF(SUMIFS('数学记录'!$J$2:$J$67,'数学记录'!$A$2:$A$67,$A2,'数学记录'!$B$2:$B$67,D$1)=0,NA(),SUMIFS('数学记录'!$J$2:$J$67,'数学记录'!$A$2:$A$67,$A2,'数学记录'!$B$2:$B$67,D$1))
A3: 2006 | B3: =IF(SUMIFS('数学记录'!$J$2:$J$67,'数学记录'!$A$2:$A$67,$A3,'数学记录'!$B$2:$B$67,B$1)=0,NA(),SUMIFS('数学记录'!$J$2:$J$67,'数学记录'!$A$2:$A$67,$A3,'数学记录'!$B$2:$B$67,B$1)) | C3: =IF(SUMIFS('数学记录'!$J$2:$J$67,'数学记录'!$A$2:$A$67,$A3,'数学记录'!$B$2:$B$67,C$1)=0,NA(),SUMIFS('数学记录'!$J$2:$J$67,'数学记录'!$A$2:$A$67,$A3,'数学记录'!$B$2:$B$67,C$1)) | D3: =IF(SUMIFS('数学记录'!$J$2:$J$67,'数学记录'!$A$2:$A$67,$A3,'数学记录'!$B$2:$B$67,D$1)=0,NA(),SUMIFS('数学记录'!$J$2:$J$67,'数学记录'!$A$2:$A$67,$A3,'数学记录'!$B$2:$B$67,D$1))
A4: 2007 | B4: =IF(SUMIFS('数学记录'!$J$2:$J$67,'数学记录'!$A$2:$A$67,$A4,'数学记录'!$B$2:$B$67,B$1)=0,NA(),SUMIFS('数学记录'!$J$2:$J$67,'数学记录'!$A$2:$A$67,$A4,'数学记录'!$B$2:$B$67,B$1)) | C4: =IF(SUMIFS('数学记录'!$J$2:$J$67,'数学记录'!$A$2:$A$67,$A4,'数学记录'!$B$2:$B$67,C$1)=0,NA(),SUMIFS('数学记录'!$J$2:$J$67,'数学记录'!$A$2:$A$67,$A4,'数学记录'!$B$2:$B$67,C$1)) | D4: =IF(SUMIFS('数学记录'!$J$2:$J$67,'数学记录'!$A$2:$A$67,$A4,'数学记录'!$B$2:$B$67,D$1)=0,NA(),SUMIFS('数学记录'!$J$2:$J$67,'数学记录'!$A$2:$A$67,$A4,'数学记录'!$B$2:$B$67,D$1))
A5: 2008 | B5: =IF(SUMIFS('数学记录'!$J$2:$J$67,'数学记录'!$A$2:$A$67,$A5,'数学记录'!$B$2:$B$67,B$1)=0,NA(),SUMIFS('数学记录'!$J$2:$J$67,'数学记录'!$A$2:$A$67,$A5,'数学记录'!$B$2:$B$67,B$1)) | C5: =IF(SUMIFS('数学记录'!$J$2:$J$67,'数学记录'!$A$2:$A$67,$A5,'数学记录'!$B$2:$B$67,C$1)=0,NA(),SUMIFS('数学记录'!$J$2:$J$67,'数学记录'!$A$2:$A$67,$A5,'数学记录'!$B$2:$B$67,C$1)) | D5: =IF(SUMIFS('数学记录'!$J$2:$J$67,'数学记录'!$A$2:$A$67,$A5,'数学记录'!$B$2:$B$67,D$1)=0,NA(),SUMIFS('数学记录'!$J$2:$J$67,'数学记录'!$A$2:$A$67,$A5,'数学记录'!$B$2:$B$67,D$1))
A6: 2009 | B6: =IF(SUMIFS('数学记录'!$J$2:$J$67,'数学记录'!$A$2:$A$67,$A6,'数学记录'!$B$2:$B$67,B$1)=0,NA(),SUMIFS('数学记录'!$J$2:$J$67,'数学记录'!$A$2:$A$67,$A6,'数学记录'!$B$2:$B$67,B$1)) | C6: =IF(SUMIFS('数学记录'!$J$2:$J$67,'数学记录'!$A$2:$A$67,$A6,'数学记录'!$B$2:$B$67,C$1)=0,NA(),SUMIFS('数学记录'!$J$2:$J$67,'数学记录'!$A$2:$A$67,$A6,'数学记录'!$B$2:$B$67,C$1)) | D6: =IF(SUMIFS('数学记录'!$J$2:$J$67,'数学记录'!$A$2:$A$67,$A6,'数学记录'!$B$2:$B$67,D$1)=0,NA(),SUMIFS('数学记录'!$J$2:$J$67,'数学记录'!$A$2:$A$67,$A6,'数学记录'!$B$2:$B$67,D$1))
A7: 2010 | B7: =IF(SUMIFS('数学记录'!$J$2:$J$67,'数学记录'!$A$2:$A$67,$A7,'数学记录'!$B$2:$B$67,B$1)=0,NA(),SUMIFS('数学记录'!$J$2:$J$67,'数学记录'!$A$2:$A$67,$A7,'数学记录'!$B$2:$B$67,B$1)) | C7: =IF(SUMIFS('数学记录'!$J$2:$J$67,'数学记录'!$A$2:$A$67,$A7,'数学记录'!$B$2:$B$67,C$1)=0,NA(),SUMIFS('数学记录'!$J$2:$J$67,'数学记录'!$A$2:$A$67,$A7,'数学记录'!$B$2:$B$67,C$1)) | D7: =IF(SUMIFS('数学记录'!$J$2:$J$67,'数学记录'!$A$2:$A$67,$A7,'数学记录'!$B$2:$B$67,D$1)=0,NA(),SUMIFS('数学记录'!$J$2:$J$67,'数学记录'!$A$2:$A$67,$A7,'数学记录'!$B$2:$B$67,D$1))
A8: 2011 | B8: =IF(SUMIFS('数学记录'!$J$2:$J$67,'数学记录'!$A$2:$A$67,$A8,'数学记录'!$B$2:$B$67,B$1)=0,NA(),SUMIFS('数学记录'!$J$2:$J$67,'数学记录'!$A$2:$A$67,$A8,'数学记录'!$B$2:$B$67,B$1)) | C8: =IF(SUMIFS('数学记录'!$J$2:$J$67,'数学记录'!$A$2:$A$67,$A8,'数学记录'!$B$2:$B$67,C$1)=0,NA(),SUMIFS('数学记录'!$J$2:$J$67,'数学记录'!$A$2:$A$67,$A8,'数学记录'!$B$2:$B$67,C$1)) | D8: =IF(SUMIFS('数学记录'!$J$2:$J$67,'数学记录'!$A$2:$A$67,$A8,'数学记录'!$B$2:$B$67,D$1)=0,NA(),SUMIFS('数学记录'!$J$2:$J$67,'数学记录'!$A$2:$A$67,$A8,'数学记录'!$B$2:$B$67,D$1))
A9: 2012 | B9: =IF(SUMIFS('数学记录'!$J$2:$J$67,'数学记录'!$A$2:$A$67,$A9,'数学记录'!$B$2:$B$67,B$1)=0,NA(),SUMIFS('数学记录'!$J$2:$J$67,'数学记录'!$A$2:$A$67,$A9,'数学记录'!$B$2:$B$67,B$1)) | C9: =IF(SUMIFS('数学记录'!$J$2:$J$67,'数学记录'!$A$2:$A$67,$A9,'数学记录'!$B$2:$B$67,C$1)=0,NA(),SUMIFS('数学记录'!$J$2:$J$67,'数学记录'!$A$2:$A$67,$A9,'数学记录'!$B$2:$B$67,C$1)) | D9: =IF(SUMIFS('数学记录'!$J$2:$J$67,'数学记录'!$A$2:$A$67,$A9,'数学记录'!$B$2:$B$67,D$1)=0,NA(),SUMIFS('数学记录'!$J$2:$J$67,'数学记录'!$A$2:$A$67,$A9,'数学记录'!$B$2:$B$67,D$1))
A10: 2013 | B10: =IF(SUMIFS('数学记录'!$J$2:$J$67,'数学记录'!$A$2:$A$67,$A10,'数学记录'!$B$2:$B$67,B$1)=0,NA(),SUMIFS('数学记录'!$J$2:$J$67,'数学记录'!$A$2:$A$67,$A10,'数学记录'!$B$2:$B$67,B$1)) | C10: =IF(SUMIFS('数学记录'!$J$2:$J$67,'数学记录'!$A$2:$A$67,$A10,'数学记录'!$B$2:$B$67,C$1)=0,NA(),SUMIFS('数学记录'!$J$2:$J$67,'数学记录'!$A$2:$A$67,$A10,'数学记录'!$B$2:$B$67,C$1)) | D10: =IF(SUMIFS('数学记录'!$J$2:$J$67,'数学记录'!$A$2:$A$67,$A10,'数学记录'!$B$2:$B$67,D$1)=0,NA(),SUMIFS('数学记录'!$J$2:$J$67,'数学记录'!$A$2:$A$67,$A10,'数学记录'!$B$2:$B$67,D$1))
A11: 2014 | B11: =IF(SUMIFS('数学记录'!$J$2:$J$67,'数学记录'!$A$2:$A$67,$A11,'数学记录'!$B$2:$B$67,B$1)=0,NA(),SUMIFS('数学记录'!$J$2:$J$67,'数学记录'!$A$2:$A$67,$A11,'数学记录'!$B$2:$B$67,B$1)) | C11: =IF(SUMIFS('数学记录'!$J$2:$J$67,'数学记录'!$A$2:$A$67,$A11,'数学记录'!$B$2:$B$67,C$1)=0,NA(),SUMIFS('数学记录'!$J$2:$J$67,'数学记录'!$A$2:$A$67,$A11,'数学记录'!$B$2:$B$67,C$1)) | D11: =IF(SUMIFS('数学记录'!$J$2:$J$67,'数学记录'!$A$2:$A$67,$A11,'数学记录'!$B$2:$B$67,D$1)=0,NA(),SUMIFS('数学记录'!$J$2:$J$67,'数学记录'!$A$2:$A$67,$A11,'数学记录'!$B$2:$B$67,D$1))
A12: 2015 | B12: =IF(SUMIFS('数学记录'!$J$2:$J$67,'数学记录'!$A$2:$A$67,$A12,'数学记录'!$B$2:$B$67,B$1)=0,NA(),SUMIFS('数学记录'!$J$2:$J$67,'数学记录'!$A$2:$A$67,$A12,'数学记录'!$B$2:$B$67,B$1)) | C12: =IF(SUMIFS('数学记录'!$J$2:$J$67,'数学记录'!$A$2:$A$67,$A12,'数学记录'!$B$2:$B$67,C$1)=0,NA(),SUMIFS('数学记录'!$J$2:$J$67,'数学记录'!$A$2:$A$67,$A12,'数学记录'!$B$2:$B$67,C$1)) | D12: =IF(SUMIFS('数学记录'!$J$2:$J$67,'数学记录'!$A$2:$A$67,$A12,'数学记录'!$B$2:$B$67,D$1)=0,NA(),SUMIFS('数学记录'!$J$2:$J$67,'数学记录'!$A$2:$A$67,$A12,'数学记录'!$B$2:$B$67,D$1))
A13: 2016 | B13: =IF(SUMIFS('数学记录'!$J$2:$J$67,'数学记录'!$A$2:$A$67,$A13,'数学记录'!$B$2:$B$67,B$1)=0,NA(),SUMIFS('数学记录'!$J$2:$J$67,'数学记录'!$A$2:$A$67,$A13,'数学记录'!$B$2:$B$67,B$1)) | C13: =IF(SUMIFS('数学记录'!$J$2:$J$67,'数学记录'!$A$2:$A$67,$A13,'数学记录'!$B$2:$B$67,C$1)=0,NA(),SUMIFS('数学记录'!$J$2:$J$67,'数学记录'!$A$2:$A$67,$A13,'数学记录'!$B$2:$B$67,C$1)) | D13: =IF(SUMIFS('数学记录'!$J$2:$J$67,'数学记录'!$A$2:$A$67,$A13,'数学记录'!$B$2:$B$67,D$1)=0,NA(),SUMIFS('数学记录'!$J$2:$J$67,'数学记录'!$A$2:$A$67,$A13,'数学记录'!$B$2:$B$67,D$1))
... A23: 2026 | B23: =IF(SUMIFS('数学记录'!$J$2:$J$67,'数学记录'!$A$2:$A$67,$A23,'数学记录'!$B$2:$B$67,B$1)=0,NA(),SUMIFS('数学记录'!$J$2:$J$67,'数学记录'!$A$2:$A$67,$A23,'数学记录'!$B$2:$B$67,B$1)) | C23: =IF(SUMIFS('数学记录'!$J$2:$J$67,'数学记录'!$A$2:$A$67,$A23,'数学记录'!$B$2:$B$67,C$1)=0,NA(),SUMIFS('数学记录'!$J$2:$J$67,'数学记录'!$A$2:$A$67,$A23,'数学记录'!$B$2:$B$67,C$1)) | D23: =IF(SUMIFS('数学记录'!$J$2:$J$67,'数学记录'!$A$2:$A$67,$A23,'数学记录'!$B$2:$B$67,D$1)=0,NA(),SUMIFS('数学记录'!$J$2:$J$67,'数学记录'!$A$2:$A$67,$A23,'数学记录'!$B$2:$B$67,D$1))

Sheet 数学曲线

Sheet 408记录
A1: 试卷 | B1: 刷次 | C1: 数据结构 (45分) | D1: 计算机组成原理 (45分) | E1: 操作系统 (35分) | F1: 计算机网络 (25分) | G1: 选择题 (80分) | H1: 大题 (70分) | I1: 科目合计 (150分) | J1: 总分 (150分) | K1: 数据结构 用时 | L1: 计算机组成原理 用时 | M1: 操作系统 用时 | N1: 计算机网络 用时 | O1: 选择题 用时 | P1: 大题 用时 | Q1: 总用时 (分) | R1: 日期 | S1: 备注
A2: 2009 | B2: 一刷 | I2: =IF(COUNT(C2:F2)=0,"",SUM(C2:F2)) | J2: =IF(COUNT(G2:H2)=0,"",SUM(G2:H2)) | Q2: =IF(COUNT(K2:P2)=0,"",SUM(K2:P2))
A3: 2009 | B3: 二刷 | I3: =IF(COUNT(C3:F3)=0,"",SUM(C3:F3)) | J3: =IF(COUNT(G3:H3)=0,"",SUM(G3:H3)) | Q3: =IF(COUNT(K3:P3)=0,"",SUM(K3:P3))
A4: 2009 | B4: 三刷 | I4: =IF(COUNT(C4:F4)=0,"",SUM(C4:F4)) | J4: =IF(COUNT(G4:H4)=0,"",SUM(G4:H4)) | Q4: =IF(COUNT(K4:P4)=0,"",SUM(K4:P4))
A5: 2010 | B5: 一刷 | I5: =IF(COUNT(C5:F5)=0,"",SUM(C5:F5)) | J5: =IF(COUNT(G5:H5)=0,"",SUM(G5:H5)) | Q5: =IF(COUNT(K5:P5)=0,"",SUM(K5:P5))
A6: 2010 | B6: 二刷 | I6: =IF(COUNT(C6:F6)=0,"",SUM(C6:F6)) | J6: =IF(COUNT(G6:H6)=0,"",SUM(G6:H6)) | Q6: =IF(COUNT(K6:P6)=0,"",SUM(K6:P6))
A7: 2010 | B7: 三刷 | I7: =IF(COUNT(C7:F7)=0,"",SUM(C7:F7)) | J7: =IF(COUNT(G7:H7)=0,"",SUM(G7:H7)) | Q7: =IF(COUNT(K7:P7)=0,"",SUM(K7:P7))
A8: 2011 | B8: 一刷 | I8: =IF(COUNT(C8:F8)=0,"",SUM(C8:F8)) | J8: =IF(COUNT(G8:H8)=0,"",SUM(G8:H8)) | Q8: =IF(COUNT(K8:P8)=0,"",SUM(K8:P8))
A9: 2011 | B9: 二刷 | I9: =IF(COUNT(C9:F9)=0,"",SUM(C9:F9)) | J9: =IF(COUNT(G9:H9)=0,"",SUM(G9:H9)) | Q9: =IF(COUNT(K9:P9)=0,"",SUM(K9:P9))
A10: 2011 | B10: 三刷 | I10: =IF(COUNT(C10:F10)=0,"",SUM(C10:F10)) | J10: =IF(COUNT(G10:H10)=0,"",SUM(G10:H10)) | Q10: =IF(COUNT(K10:P10)=0,"",SUM(K10:P10))
A11: 2012 | B11: 一刷 | I11: =IF(COUNT(C11:F11)=0,"",SUM(C11:F11)) | J11: =IF(COUNT(G11:H11)=0,"",SUM(G11:H11)) | Q11: =IF(COUNT(K11:P11)=0,"",SUM(K11:P11))
A12: 2012 | B12: 二刷 | I12: =IF(COUNT(C12:F12)=0,"",SUM(C12:F12)) | J12: =IF(COUNT(G12:H12)=0,"",SUM(G12:H12)) | Q12: =IF(COUNT(K12:P12)=0,"",SUM(K12:P12))
A13: 2012 | B13: 三刷 | I13: =IF(COUNT(C13:F13)=0,"",SUM(C13:F13)) | J13: =IF(COUNT(G13:H13)=0,"",SUM(G13:H13)) | Q13: =IF(COUNT(K13:P13)=0,"",SUM(K13:P13))
... A55: 2026 | B55: 三刷 | I55: =IF(COUNT(C55:F55)=0,"",SUM(C55:F55)) | J55: =IF(COUNT(G55:H55)=0,"",SUM(G55:H55)) | Q55: =IF(COUNT(K55:P55)=0,"",SUM(K55:P55))

Sheet 408数据
A1: 试卷 | B1: 一刷 | C1: 二刷 | D1: 三刷
A2: 2009 | B2: =IF(SUMIFS('408记录'!$J$2:$J$55,'408记录'!$A$2:$A$55,$A2,'408记录'!$B$2:$B$55,B$1)=0,NA(),SUMIFS('408记录'!$J$2:$J$55,'408记录'!$A$2:$A$55,$A2,'408记录'!$B$2:$B$55,B$1)) | C2: =IF(SUMIFS('408记录'!$J$2:$J$55,'408记录'!$A$2:$A$55,$A2,'408记录'!$B$2:$B$55,C$1)=0,NA(),SUMIFS('408记录'!$J$2:$J$55,'408记录'!$A$2:$A$55,$A2,'408记录'!$B$2:$B$55,C$1)) | D2: =IF(SUMIFS('408记录'!$J$2:$J$55,'408记录'!$A$2:$A$55,$A2,'408记录'!$B$2:$B$55,D$1)=0,NA(),SUMIFS('408记录'!$J$2:$J$55,'408记录'!$A$2:$A$55,$A2,'408记录'!$B$2:$B$55,D$1))
A3: 2010 | B3: =IF(SUMIFS('408记录'!$J$2:$J$55,'408记录'!$A$2:$A$55,$A3,'408记录'!$B$2:$B$55,B$1)=0,NA(),SUMIFS('408记录'!$J$2:$J$55,'408记录'!$A$2:$A$55,$A3,'408记录'!$B$2:$B$55,B$1)) | C3: =IF(SUMIFS('408记录'!$J$2:$J$55,'408记录'!$A$2:$A$55,$A3,'408记录'!$B$2:$B$55,C$1)=0,NA(),SUMIFS('408记录'!$J$2:$J$55,'408记录'!$A$2:$A$55,$A3,'408记录'!$B$2:$B$55,C$1)) | D3: =IF(SUMIFS('408记录'!$J$2:$J$55,'408记录'!$A$2:$A$55,$A3,'408记录'!$B$2:$B$55,D$1)=0,NA(),SUMIFS('408记录'!$J$2:$J$55,'408记录'!$A$2:$A$55,$A3,'408记录'!$B$2:$B$55,D$1))
A4: 2011 | B4: =IF(SUMIFS('408记录'!$J$2:$J$55,'408记录'!$A$2:$A$55,$A4,'408记录'!$B$2:$B$55,B$1)=0,NA(),SUMIFS('408记录'!$J$2:$J$55,'408记录'!$A$2:$A$55,$A4,'408记录'!$B$2:$B$55,B$1)) | C4: =IF(SUMIFS('408记录'!$J$2:$J$55,'408记录'!$A$2:$A$55,$A4,'408记录'!$B$2:$B$55,C$1)=0,NA(),SUMIFS('408记录'!$J$2:$J$55,'408记录'!$A$2:$A$55,$A4,'408记录'!$B$2:$B$55,C$1)) | D4: =IF(SUMIFS('408记录'!$J$2:$J$55,'408记录'!$A$2:$A$55,$A4,'408记录'!$B$2:$B$55,D$1)=0,NA(),SUMIFS('408记录'!$J$2:$J$55,'408记录'!$A$2:$A$55,$A4,'408记录'!$B$2:$B$55,D$1))
A5: 2012 | B5: =IF(SUMIFS('408记录'!$J$2:$J$55,'408记录'!$A$2:$A$55,$A5,'408记录'!$B$2:$B$55,B$1)=0,NA(),SUMIFS('408记录'!$J$2:$J$55,'408记录'!$A$2:$A$55,$A5,'408记录'!$B$2:$B$55,B$1)) | C5: =IF(SUMIFS('408记录'!$J$2:$J$55,'408记录'!$A$2:$A$55,$A5,'408记录'!$B$2:$B$55,C$1)=0,NA(),SUMIFS('408记录'!$J$2:$J$55,'408记录'!$A$2:$A$55,$A5,'408记录'!$B$2:$B$55,C$1)) | D5: =IF(SUMIFS('408记录'!$J$2:$J$55,'408记录'!$A$2:$A$55,$A5,'408记录'!$B$2:$B$55,D$1)=0,NA(),SUMIFS('408记录'!$J$2:$J$55,'408记录'!$A$2:$A$55,$A5,'408记录'!$B$2:$B$55,D$1))
A6: 2013 | B6: =IF(SUMIFS('408记录'!$J$2:$J$55,'408记录'!$A$2:$A$55,$A6,'408记录'!$B$2:$B$55,B$1)=0,NA(),SUMIFS('408记录'!$J$2:$J$55,'408记录'!$A$2:$A$55,$A6,'408记录'!$B$2:$B$55,B$1)) | C6: =IF(SUMIFS('408记录'!$J$2:$J$55,'408记录'!$A$2:$A$55,$A6,'408记录'!$B$2:$B$55,C$1)=0,NA(),SUMIFS('408记录'!$J$2:$J$55,'408记录'!$A$2:$A$55,$A6,'408记录'!$B$2:$B$55,C$1)) | D6: =IF(SUMIFS('408记录'!$J$2:$J$55,'408记录'!$A$2:$A$55,$A6,'408记录'!$B$2:$B$55,D$1)=0,NA(),SUMIFS('408记录'!$J$2:$J$55,'408记录'!$A$2:$A$55,$A6,'408记录'!$B$2:$B$55,D$1))
A7: 2014 | B7: =IF(SUMIFS('408记录'!$J$2:$J$55,'408记录'!$A$2:$A$55,$A7,'408记录'!$B$2:$B$55,B$1)=0,NA(),SUMIFS('408记录'!$J$2:$J$55,'408记录'!$A$2:$A$55,$A7,'408记录'!$B$2:$B$55,B$1)) | C7: =IF(SUMIFS('408记录'!$J$2:$J$55,'408记录'!$A$2:$A$55,$A7,'408记录'!$B$2:$B$55,C$1)=0,NA(),SUMIFS('408记录'!$J$2:$J$55,'408记录'!$A$2:$A$55,$A7,'408记录'!$B$2:$B$55,C$1)) | D7: =IF(SUMIFS('408记录'!$J$2:$J$55,'408记录'!$A$2:$A$55,$A7,'408记录'!$B$2:$B$55,D$1)=0,NA(),SUMIFS('408记录'!$J$2:$J$55,'408记录'!$A$2:$A$55,$A7,'408记录'!$B$2:$B$55,D$1))
A8: 2015 | B8: =IF(SUMIFS('408记录'!$J$2:$J$55,'408记录'!$A$2:$A$55,$A8,'408记录'!$B$2:$B$55,B$1)=0,NA(),SUMIFS('408记录'!$J$2:$J$55,'408记录'!$A$2:$A$55,$A8,'408记录'!$B$2:$B$55,B$1)) | C8: =IF(SUMIFS('408记录'!$J$2:$J$55,'408记录'!$A$2:$A$55,$A8,'408记录'!$B$2:$B$55,C$1)=0,NA(),SUMIFS('408记录'!$J$2:$J$55,'408记录'!$A$2:$A$55,$A8,'408记录'!$B$2:$B$55,C$1)) | D8: =IF(SUMIFS('408记录'!$J$2:$J$55,'408记录'!$A$2:$A$55,$A8,'408记录'!$B$2:$B$55,D$1)=0,NA(),SUMIFS('408记录'!$J$2:$J$55,'408记录'!$A$2:$A$55,$A8,'408记录'!$B$2:$B$55,D$1))
A9: 2016 | B9: =IF(SUMIFS('408记录'!$J$2:$J$55,'408记录'!$A$2:$A$55,$A9,'408记录'!$B$2:$B$55,B$1)=0,NA(),SUMIFS('408记录'!$J$2:$J$55,'408记录'!$A$2:$A$55,$A9,'408记录'!$B$2:$B$55,B$1)) | C9: =IF(SUMIFS('408记录'!$J$2:$J$55,'408记录'!$A$2:$A$55,$A9,'408记录'!$B$2:$B$55,C$1)=0,NA(),SUMIFS('408记录'!$J$2:$J$55,'408记录'!$A$2:$A$55,$A9,'408记录'!$B$2:$B$55,C$1)) | D9: =IF(SUMIFS('408记录'!$J$2:$J$55,'408记录'!$A$2:$A$55,$A9,'408记录'!$B$2:$B$55,D$1)=0,NA(),SUMIFS('408记录'!$J$2:$J$55,'408记录'!$A$2:$A$55,$A9,'408记录'!$B$2:$B$55,D$1))
A10: 2017 | B10: =IF(SUMIFS('408记录'!$J$2:$J$55,'408记录'!$A$2:$A$55,$A10,'408记录'!$B$2:$B$55,B$1)=0,NA(),SUMIFS('408记录'!$J$2:$J$55,'408记录'!$A$2:$A$55,$A10,'408记录'!$B$2:$B$55,B$1)) | C10: =IF(SUMIFS('408记录'!$J$2:$J$55,'408记录'!$A$2:$A$55,$A10,'408记录'!$B$2:$B$55,C$1)=0,NA(),SUMIFS('408记录'!$J$2:$J$55,'408记录'!$A$2:$A$55,$A10,'408记录'!$B$2:$B$55,C$1)) | D10: =IF(SUMIFS('408记录'!$J$2:$J$55,'408记录'!$A$2:$A$55,$A10,'408记录'!$B$2:$B$55,D$1)=0,NA(),SUMIFS('408记录'!$J$2:$J$55,'408记录'!$A$2:$A$55,$A10,'408记录'!$B$2:$B$55,D$1))
A11: 2018 | B11: =IF(SUMIFS('408记录'!$J$2:$J$55,'408记录'!$A$2:$A$55,$A11,'408记录'!$B$2:$B$55,B$1)=0,NA(),SUMIFS('408记录'!$J$2:$J$55,'408记录'!$A$2:$A$55,$A11,'408记录'!$B$2:$B$55,B$1)) | C11: =IF(SUMIFS('408记录'!$J$2:$J$55,'408记录'!$A$2:$A$55,$A11,'408记录'!$B$2:$B$55,C$1)=0,NA(),SUMIFS('408记录'!$J$2:$J$55,'408记录'!$A$2:$A$55,$A11,'408记录'!$B$2:$B$55,C$1)) | D11: =IF(SUMIFS('408记录'!$J$2:$J$55,'408记录'!$A$2:$A$55,$A11,'408记录'!$B$2:$B$55,D$1)=0,NA(),SUMIFS('408记录'!$J$2:$J$55,'408记录'!$A$2:$A$55,$A11,'408记录'!$B$2:$B$55,D$1))
A12: 2019 | B12: =IF(SUMIFS('408记录'!$J$2:$J$55,'408记录'!$A$2:$A$55,$A12,'408记录'!$B$2:$B$55,B$1)=0,NA(),SUMIFS('408记录'!$J$2:$J$55,'408记录'!$A$2:$A$55,$A12,'408记录'!$B$2:$B$55,B$1)) | C12: =IF(SUMIFS('408记录'!$J$2:$J$55,'408记录'!$A$2:$A$55,$A12,'408记录'!$B$2:$B$55,C$1)=0,NA(),SUMIFS('408记录'!$J$2:$J$55,'408记录'!$A$2:$A$55,$A12,'408记录'!$B$2:$B$55,C$1)) | D12: =IF(SUMIFS('408记录'!$J$2:$J$55,'408记录'!$A$2:$A$55,$A12,'408记录'!$B$2:$B$55,D$1)=0,NA(),SUMIFS('408记录'!$J$2:$J$55,'408记录'!$A$2:$A$55,$A12,'408记录'!$B$2:$B$55,D$1))
A13: 2020 | B13: =IF(SUMIFS('408记录'!$J$2:$J$55,'408记录'!$A$2:$A$55,$A13,'408记录'!$B$2:$B$55,B$1)=0,NA(),SUMIFS('408记录'!$J$2:$J$55,'408记录'!$A$2:$A$55,$A13,'408记录'!$B$2:$B$55,B$1)) | C13: =IF(SUMIFS('408记录'!$J$2:$J$55,'408记录'!$A$2:$A$55,$A13,'408记录'!$B$2:$B$55,C$1)=0,NA(),SUMIFS('408记录'!$J$2:$J$55,'408记录'!$A$2:$A$55,$A13,'408记录'!$B$2:$B$55,C$1)) | D13: =IF(SUMIFS('408记录'!$J$2:$J$55,'408记录'!$A$2:$A$55,$A13,'408记录'!$B$2:$B$55,D$1)=0,NA(),SUMIFS('408记录'!$J$2:$J$55,'408记录'!$A$2:$A$55,$A13,'408记录'!$B$2:$B$55,D$1))
... A19: 2026 | B19: =IF(SUMIFS('408记录'!$J$2:$J$55,'408记录'!$A$2:$A$55,$A19,'408记录'!$B$2:$B$55,B$1)=0,NA(),SUMIFS('408记录'!$J$2:$J$55,'408记录'!$A$2:$A$55,$A19,'408记录'!$B$2:$B$55,B$1)) | C19: =IF(SUMIFS('408记录'!$J$2:$J$55,'408记录'!$A$2:$A$55,$A19,'408记录'!$B$2:$B$55,C$1)=0,NA(),SUMIFS('408记录'!$J$2:$J$55,'408记录'!$A$2:$A$55,$A19,'408记录'!$B$2:$B$55,C$1)) | D19: =IF(SUMIFS('408记录'!$J$2:$J$55,'408记录'!$A$2:$A$55,$A19,'408记录'!$B$2:$B$55,D$1)=0,NA(),SUMIFS('408记录'!$J$2:$J$55,'408记录'!$A$2:$A$55,$A19,'408记录'!$B$2:$B$55,D$1))

Sheet 408曲线

Sheet 政治记录
A1: 试卷 | B1: 刷次 | C1: 单选 (16分) | D1: 多选 (34分) | E1: 大题 (50分) | F1: 客观题 (50分) | G1: 总分 (100分) | H1: 单选 用时 | I1: 多选 用时 | J1: 大题 用时 | K1: 总用时 (分) | L1: 日期 | M1: 备注
A2: 2005 | B2: 一刷 | F2: =IF(COUNT(C2:D2)=0,"",SUM(C2:D2)) | G2: =IF(COUNT(C2:E2)=0,"",SUM(C2:E2)) | K2: =IF(COUNT(H2:J2)=0,"",SUM(H2:J2))
A3: 2005 | B3: 二刷 | F3: =IF(COUNT(C3:D3)=0,"",SUM(C3:D3)) | G3: =IF(COUNT(C3:E3)=0,"",SUM(C3:E3)) | K3: =IF(COUNT(H3:J3)=0,"",SUM(H3:J3))
A4: 2005 | B4: 三刷 | F4: =IF(COUNT(C4:D4)=0,"",SUM(C4:D4)) | G4: =IF(COUNT(C4:E4)=0,"",SUM(C4:E4)) | K4: =IF(COUNT(H4:J4)=0,"",SUM(H4:J4))
A5: 2006 | B5: 一刷 | F5: =IF(COUNT(C5:D5)=0,"",SUM(C5:D5)) | G5: =IF(COUNT(C5:E5)=0,"",SUM(C5:E5)) | K5: =IF(COUNT(H5:J5)=0,"",SUM(H5:J5))
A6: 2006 | B6: 二刷 | F6: =IF(COUNT(C6:D6)=0,"",SUM(C6:D6)) | G6: =IF(COUNT(C6:E6)=0,"",SUM(C6:E6)) | K6: =IF(COUNT(H6:J6)=0,"",SUM(H6:J6))
A7: 2006 | B7: 三刷 | F7: =IF(COUNT(C7:D7)=0,"",SUM(C7:D7)) | G7: =IF(COUNT(C7:E7)=0,"",SUM(C7:E7)) | K7: =IF(COUNT(H7:J7)=0,"",SUM(H7:J7))
A8: 2007 | B8: 一刷 | F8: =IF(COUNT(C8:D8)=0,"",SUM(C8:D8)) | G8: =IF(COUNT(C8:E8)=0,"",SUM(C8:E8)) | K8: =IF(COUNT(H8:J8)=0,"",SUM(H8:J8))
A9: 2007 | B9: 二刷 | F9: =IF(COUNT(C9:D9)=0,"",SUM(C9:D9)) | G9: =IF(COUNT(C9:E9)=0,"",SUM(C9:E9)) | K9: =IF(COUNT(H9:J9)=0,"",SUM(H9:J9))
A10: 2007 | B10: 三刷 | F10: =IF(COUNT(C10:D10)=0,"",SUM(C10:D10)) | G10: =IF(COUNT(C10:E10)=0,"",SUM(C10:E10)) | K10: =IF(COUNT(H10:J10)=0,"",SUM(H10:J10))
A11: 2008 | B11: 一刷 | F11: =IF(COUNT(C11:D11)=0,"",SUM(C11:D11)) | G11: =IF(COUNT(C11:E11)=0,"",SUM(C11:E11)) | K11: =IF(COUNT(H11:J11)=0,"",SUM(H11:J11))
A12: 2008 | B12: 二刷 | F12: =IF(COUNT(C12:D12)=0,"",SUM(C12:D12)) | G12: =IF(COUNT(C12:E12)=0,"",SUM(C12:E12)) | K12: =IF(COUNT(H12:J12)=0,"",SUM(H12:J12))
A13: 2008 | B13: 三刷 | F13: =IF(COUNT(C13:D13)=0,"",SUM(C13:D13)) | G13: =IF(COUNT(C13:E13)=0,"",SUM(C13:E13)) | K13: =IF(COUNT(H13:J13)=0,"",SUM(H13:J13))
... A67: 2026 | B67: 三刷 | F67: =IF(COUNT(C67:D67)=0,"",SUM(C67:D67)) | G67: =IF(COUNT(C67:E67)=0,"",SUM(C67:E67)) | K67: =IF(COUNT(H67:J67)=0,"",SUM(H67:J67))

Sheet 政治数据
A1: 试卷 | B1: 一刷 | C1: 二刷 | D1: 三刷
A2: 2005 | B2: =IF(SUMIFS('政治记录'!$G$2:$G$67,'政治记录'!$A$2:$A$67,$A2,'政治记录'!$B$2:$B$67,B$1)=0,NA(),SUMIFS('政治记录'!$G$2:$G$67,'政治记录'!$A$2:$A$67,$A2,'政治记录'!$B$2:$B$67,B$1)) | C2: =IF(SUMIFS('政治记录'!$G$2:$G$67,'政治记录'!$A$2:$A$67,$A2,'政治记录'!$B$2:$B$67,C$1)=0,NA(),SUMIFS('政治记录'!$G$2:$G$67,'政治记录'!$A$2:$A$67,$A2,'政治记录'!$B$2:$B$67,C$1)) | D2: =IF(SUMIFS('政治记录'!$G$2:$G$67,'政治记录'!$A$2:$A$67,$A2,'政治记录'!$B$2:$B$67,D$1)=0,NA(),SUMIFS('政治记录'!$G$2:$G$67,'政治记录'!$A$2:$A$67,$A2,'政治记录'!$B$2:$B$67,D$1))
A3: 2006 | B3: =IF(SUMIFS('政治记录'!$G$2:$G$67,'政治记录'!$A$2:$A$67,$A3,'政治记录'!$B$2:$B$67,B$1)=0,NA(),SUMIFS('政治记录'!$G$2:$G$67,'政治记录'!$A$2:$A$67,$A3,'政治记录'!$B$2:$B$67,B$1)) | C3: =IF(SUMIFS('政治记录'!$G$2:$G$67,'政治记录'!$A$2:$A$67,$A3,'政治记录'!$B$2:$B$67,C$1)=0,NA(),SUMIFS('政治记录'!$G$2:$G$67,'政治记录'!$A$2:$A$67,$A3,'政治记录'!$B$2:$B$67,C$1)) | D3: =IF(SUMIFS('政治记录'!$G$2:$G$67,'政治记录'!$A$2:$A$67,$A3,'政治记录'!$B$2:$B$67,D$1)=0,NA(),SUMIFS('政治记录'!$G$2:$G$67,'政治记录'!$A$2:$A$67,$A3,'政治记录'!$B$2:$B$67,D$1))
A4: 2007 | B4: =IF(SUMIFS('政治记录'!$G$2:$G$67,'政治记录'!$A$2:$A$67,$A4,'政治记录'!$B$2:$B$67,B$1)=0,NA(),SUMIFS('政治记录'!$G$2:$G$67,'政治记录'!$A$2:$A$67,$A4,'政治记录'!$B$2:$B$67,B$1)) | C4: =IF(SUMIFS('政治记录'!$G$2:$G$67,'政治记录'!$A$2:$A$67,$A4,'政治记录'!$B$2:$B$67,C$1)=0,NA(),SUMIFS('政治记录'!$G$2:$G$67,'政治记录'!$A$2:$A$67,$A4,'政治记录'!$B$2:$B$67,C$1)) | D4: =IF(SUMIFS('政治记录'!$G$2:$G$67,'政治记录'!$A$2:$A$67,$A4,'政治记录'!$B$2:$B$67,D$1)=0,NA(),SUMIFS('政治记录'!$G$2:$G$67,'政治记录'!$A$2:$A$67,$A4,'政治记录'!$B$2:$B$67,D$1))
A5: 2008 | B5: =IF(SUMIFS('政治记录'!$G$2:$G$67,'政治记录'!$A$2:$A$67,$A5,'政治记录'!$B$2:$B$67,B$1)=0,NA(),SUMIFS('政治记录'!$G$2:$G$67,'政治记录'!$A$2:$A$67,$A5,'政治记录'!$B$2:$B$67,B$1)) | C5: =IF(SUMIFS('政治记录'!$G$2:$G$67,'政治记录'!$A$2:$A$67,$A5,'政治记录'!$B$2:$B$67,C$1)=0,NA(),SUMIFS('政治记录'!$G$2:$G$67,'政治记录'!$A$2:$A$67,$A5,'政治记录'!$B$2:$B$67,C$1)) | D5: =IF(SUMIFS('政治记录'!$G$2:$G$67,'政治记录'!$A$2:$A$67,$A5,'政治记录'!$B$2:$B$67,D$1)=0,NA(),SUMIFS('政治记录'!$G$2:$G$67,'政治记录'!$A$2:$A$67,$A5,'政治记录'!$B$2:$B$67,D$1))
A6: 2009 | B6: =IF(SUMIFS('政治记录'!$G$2:$G$67,'政治记录'!$A$2:$A$67,$A6,'政治记录'!$B$2:$B$67,B$1)=0,NA(),SUMIFS('政治记录'!$G$2:$G$67,'政治记录'!$A$2:$A$67,$A6,'政治记录'!$B$2:$B$67,B$1)) | C6: =IF(SUMIFS('政治记录'!$G$2:$G$67,'政治记录'!$A$2:$A$67,$A6,'政治记录'!$B$2:$B$67,C$1)=0,NA(),SUMIFS('政治记录'!$G$2:$G$67,'政治记录'!$A$2:$A$67,$A6,'政治记录'!$B$2:$B$67,C$1)) | D6: =IF(SUMIFS('政治记录'!$G$2:$G$67,'政治记录'!$A$2:$A$67,$A6,'政治记录'!$B$2:$B$67,D$1)=0,NA(),SUMIFS('政治记录'!$G$2:$G$67,'政治记录'!$A$2:$A$67,$A6,'政治记录'!$B$2:$B$67,D$1))
A7: 2010 | B7: =IF(SUMIFS('政治记录'!$G$2:$G$67,'政治记录'!$A$2:$A$67,$A7,'政治记录'!$B$2:$B$67,B$1)=0,NA(),SUMIFS('政治记录'!$G$2:$G$67,'政治记录'!$A$2:$A$67,$A7,'政治记录'!$B$2:$B$67,B$1)) | C7: =IF(SUMIFS('政治记录'!$G$2:$G$67,'政治记录'!$A$2:$A$67,$A7,'政治记录'!$B$2:$B$67,C$1)=0,NA(),SUMIFS('政治记录'!$G$2:$G$67,'政治记录'!$A$2:$A$67,$A7,'政治记录'!$B$2:$B$67,C$1)) | D7: =IF(SUMIFS('政治记录'!$G$2:$G$67,'政治记录'!$A$2:$A$67,$A7,'政治记录'!$B$2:$B$67,D$1)=0,NA(),SUMIFS('政治记录'!$G$2:$G$67,'政治记录'!$A$2:$A$67,$A7,'政治记录'!$B$2:$B$67,D$1))
A8: 2011 | B8: =IF(SUMIFS('政治记录'!$G$2:$G$67,'政治记录'!$A$2:$A$67,$A8,'政治记录'!$B$2:$B$67,B$1)=0,NA(),SUMIFS('政治记录'!$G$2:$G$67,'政治记录'!$A$2:$A$67,$A8,'政治记录'!$B$2:$B$67,B$1)) | C8: =IF(SUMIFS('政治记录'!$G$2:$G$67,'政治记录'!$A$2:$A$67,$A8,'政治记录'!$B$2:$B$67,C$1)=0,NA(),SUMIFS('政治记录'!$G$2:$G$67,'政治记录'!$A$2:$A$67,$A8,'政治记录'!$B$2:$B$67,C$1)) | D8: =IF(SUMIFS('政治记录'!$G$2:$G$67,'政治记录'!$A$2:$A$67,$A8,'政治记录'!$B$2:$B$67,D$1)=0,NA(),SUMIFS('政治记录'!$G$2:$G$67,'政治记录'!$A$2:$A$67,$A8,'政治记录'!$B$2:$B$67,D$1))
A9: 2012 | B9: =IF(SUMIFS('政治记录'!$G$2:$G$67,'政治记录'!$A$2:$A$67,$A9,'政治记录'!$B$2:$B$67,B$1)=0,NA(),SUMIFS('政治记录'!$G$2:$G$67,'政治记录'!$A$2:$A$67,$A9,'政治记录'!$B$2:$B$67,B$1)) | C9: =IF(SUMIFS('政治记录'!$G$2:$G$67,'政治记录'!$A$2:$A$67,$A9,'政治记录'!$B$2:$B$67,C$1)=0,NA(),SUMIFS('政治记录'!$G$2:$G$67,'政治记录'!$A$2:$A$67,$A9,'政治记录'!$B$2:$B$67,C$1)) | D9: =IF(SUMIFS('政治记录'!$G$2:$G$67,'政治记录'!$A$2:$A$67,$A9,'政治记录'!$B$2:$B$67,D$1)=0,NA(),SUMIFS('政治记录'!$G$2:$G$67,'政治记录'!$A$2:$A$67,$A9,'政治记录'!$B$2:$B$67,D$1))
A10: 2013 | B10: =IF(SUMIFS('政治记录'!$G$2:$G$67,'政治记录'!$A$2:$A$67,$A10,'政治记录'!$B$2:$B$67,B$1)=0,NA(),SUMIFS('政治记录'!$G$2:$G$67,'政治记录'!$A$2:$A$67,$A10,'政治记录'!$B$2:$B$67,B$1)) | C10: =IF(SUMIFS('政治记录'!$G$2:$G$67,'政治记录'!$A$2:$A$67,$A10,'政治记录'!$B$2:$B$67,C$1)=0,NA(),SUMIFS('政治记录'!$G$2:$G$67,'政治记录'!$A$2:$A$67,$A10,'政治记录'!$B$2:$B$67,C$1)) | D10: =IF(SUMIFS('政治记录'!$G$2:$G$67,'政治记录'!$A$2:$A$67,$A10,'政治记录'!$B$2:$B$67,D$1)=0,NA(),SUMIFS('政治记录'!$G$2:$G$67,'政治记录'!$A$2:$A$67,$A10,'政治记录'!$B$2:$B$67,D$1))
A11: 2014 | B11: =IF(SUMIFS('政治记录'!$G$2:$G$67,'政治记录'!$A$2:$A$67,$A11,'政治记录'!$B$2:$B$67,B$1)=0,NA(),SUMIFS('政治记录'!$G$2:$G$67,'政治记录'!$A$2:$A$67,$A11,'政治记录'!$B$2:$B$67,B$1)) | C11: =IF(SUMIFS('政治记录'!$G$2:$G$67,'政治记录'!$A$2:$A$67,$A11,'政治记录'!$B$2:$B$67,C$1)=0,NA(),SUMIFS('政治记录'!$G$2:$G$67,'政治记录'!$A$2:$A$67,$A11,'政治记录'!$B$2:$B$67,C$1)) | D11: =IF(SUMIFS('政治记录'!$G$2:$G$67,'政治记录'!$A$2:$A$67,$A11,'政治记录'!$B$2:$B$67,D$1)=0,NA(),SUMIFS('政治记录'!$G$2:$G$67,'政治记录'!$A$2:$A$67,$A11,'政治记录'!$B$2:$B$67,D$1))
A12: 2015 | B12: =IF(SUMIFS('政治记录'!$G$2:$G$67,'政治记录'!$A$2:$A$67,$A12,'政治记录'!$B$2:$B$67,B$1)=0,NA(),SUMIFS('政治记录'!$G$2:$G$67,'政治记录'!$A$2:$A$67,$A12,'政治记录'!$B$2:$B$67,B$1)) | C12: =IF(SUMIFS('政治记录'!$G$2:$G$67,'政治记录'!$A$2:$A$67,$A12,'政治记录'!$B$2:$B$67,C$1)=0,NA(),SUMIFS('政治记录'!$G$2:$G$67,'政治记录'!$A$2:$A$67,$A12,'政治记录'!$B$2:$B$67,C$1)) | D12: =IF(SUMIFS('政治记录'!$G$2:$G$67,'政治记录'!$A$2:$A$67,$A12,'政治记录'!$B$2:$B$67,D$1)=0,NA(),SUMIFS('政治记录'!$G$2:$G$67,'政治记录'!$A$2:$A$67,$A12,'政治记录'!$B$2:$B$67,D$1))
A13: 2016 | B13: =IF(SUMIFS('政治记录'!$G$2:$G$67,'政治记录'!$A$2:$A$67,$A13,'政治记录'!$B$2:$B$67,B$1)=0,NA(),SUMIFS('政治记录'!$G$2:$G$67,'政治记录'!$A$2:$A$67,$A13,'政治记录'!$B$2:$B$67,B$1)) | C13: =IF(SUMIFS('政治记录'!$G$2:$G$67,'政治记录'!$A$2:$A$67,$A13,'政治记录'!$B$2:$B$67,C$1)=0,NA(),SUMIFS('政治记录'!$G$2:$G$67,'政治记录'!$A$2:$A$67,$A13,'政治记录'!$B$2:$B$67,C$1)) | D13: =IF(SUMIFS('政治记录'!$G$2:$G$67,'政治记录'!$A$2:$A$67,$A13,'政治记录'!$B$2:$B$67,D$1)=0,NA(),SUMIFS('政治记录'!$G$2:$G$67,'政治记录'!$A$2:$A$67,$A13,'政治记录'!$B$2:$B$67,D$1))
... A23: 2026 | B23: =IF(SUMIFS('政治记录'!$G$2:$G$67,'政治记录'!$A$2:$A$67,$A23,'政治记录'!$B$2:$B$67,B$1)=0,NA(),SUMIFS('政治记录'!$G$2:$G$67,'政治记录'!$A$2:$A$67,$A23,'政治记录'!$B$2:$B$67,B$1)) | C23: =IF(SUMIFS('政治记录'!$G$2:$G$67,'政治记录'!$A$2:$A$67,$A23,'政治记录'!$B$2:$B$67,C$1)=0,NA(),SUMIFS('政治记录'!$G$2:$G$67,'政治记录'!$A$2:$A$67,$A23,'政治记录'!$B$2:$B$67,C$1)) | D23: =IF(SUMIFS('政治记录'!$G$2:$G$67,'政治记录'!$A$2:$A$67,$A23,'政治记录'!$B$2:$B$67,D$1)=0,NA(),SUMIFS('政治记录'!$G$2:$G$67,'政治记录'!$A$2:$A$67,$A23,'政治记录'!$B$2:$B$67,D$1))

Sheet 政治曲线
